                  epoch,         train/box_loss,         train/cls_loss,         train/dfl_loss,   metrics/precision(B),      metrics/recall(B),       metrics/mAP50(B),    metrics/mAP50-95(B),           val/box_loss,           val/cls_loss,           val/dfl_loss,                 lr/pg0,                 lr/pg1,                 lr/pg2
                      1,                 1.8703,                 2.4874,                   1.96,                0.49186,                    0.4,                0.35802,                0.11518,                 2.5181,                 6.3963,                  2.762,             0.00066154,             0.00066154,             0.00066154
                      2,                 1.8878,                 2.1773,                 2.0085,                0.25976,                   0.24,                0.17063,                0.05892,                 2.7842,                 3.4271,                 2.8945,              0.0011638,              0.0011638,              0.0011638
